timestamp,heart_rate
2026-03-13T16:01:56,96
2026-03-13T16:01:56,96
2026-03-13T16:01:57,96
2026-03-13T16:01:57,94
2026-03-13T16:01:58,94
2026-03-13T16:01:59,93
2026-03-13T16:01:59,93
2026-03-13T16:01:59,93
2026-03-13T16:02:00,93
2026-03-13T16:02:00,93
2026-03-13T16:02:01,93
2026-03-13T16:02:02,93
2026-03-13T16:02:02,93
2026-03-13T16:02:03,93
2026-03-13T16:02:03,93
2026-03-13T16:02:04,93
2026-03-13T16:02:04,93
2026-03-13T16:02:05,93
2026-03-13T16:02:05,93
2026-03-13T16:02:06,92
2026-03-13T16:02:06,92
2026-03-13T16:02:07,92
2026-03-13T16:02:07,92
2026-03-13T16:02:08,93
2026-03-13T16:02:08,93
2026-03-13T16:02:09,93
2026-03-13T16:02:09,93
2026-03-13T16:02:10,93
2026-03-13T16:02:10,93
2026-03-13T16:02:11,92
2026-03-13T16:02:11,92
2026-03-13T16:02:12,92
2026-03-13T16:02:12,92
2026-03-13T16:02:13,92
2026-03-13T16:02:13,92
2026-03-13T16:02:14,92
2026-03-13T16:02:14,92
2026-03-13T16:02:15,93
2026-03-13T16:02:15,93
2026-03-13T16:02:15,93
2026-03-13T16:02:16,93
2026-03-13T16:02:16,93
2026-03-13T16:02:17,93
2026-03-13T16:02:17,94
2026-03-13T16:02:18,94
2026-03-13T16:02:19,94
2026-03-13T16:02:19,94
2026-03-13T16:02:20,94
2026-03-13T16:02:20,94
2026-03-13T16:02:21,94
2026-03-13T16:02:21,94
2026-03-13T16:02:22,94
2026-03-13T16:02:22,94
2026-03-13T16:02:23,94
2026-03-13T16:02:23,94
2026-03-13T16:02:24,94
2026-03-13T16:02:24,94
2026-03-13T16:02:25,94
2026-03-13T16:02:25,94
2026-03-13T16:02:26,93
2026-03-13T16:02:26,93
2026-03-13T16:02:27,93
2026-03-13T16:02:27,93
2026-03-13T16:02:28,93
2026-03-13T16:02:28,93
2026-03-13T16:02:29,93
2026-03-13T16:02:29,93
2026-03-13T16:02:30,93
2026-03-13T16:02:30,93
2026-03-13T16:02:31,93
2026-03-13T16:02:31,93
2026-03-13T16:02:32,93
2026-03-13T16:02:33,93
2026-03-13T16:02:33,93
2026-03-13T16:02:33,93
2026-03-13T16:02:34,93
2026-03-13T16:02:34,93
2026-03-13T16:02:35,93
2026-03-13T16:02:35,93
2026-03-13T16:02:36,92
2026-03-13T16:02:37,92
2026-03-13T16:02:37,93
2026-03-13T16:02:37,93
2026-03-13T16:02:38,93
2026-03-13T16:02:39,93
2026-03-13T16:02:39,93
2026-03-13T16:02:39,93
2026-03-13T16:02:40,93
2026-03-13T16:02:40,93
2026-03-13T16:02:41,93
2026-03-13T16:02:41,93
2026-03-13T16:02:42,92
2026-03-13T16:02:42,92
2026-03-13T16:02:43,93
2026-03-13T16:02:44,93
2026-03-13T16:02:44,92
2026-03-13T16:02:44,92
2026-03-13T16:02:45,92
2026-03-13T16:02:46,92
2026-03-13T16:02:46,92
2026-03-13T16:02:46,92
2026-03-13T16:02:47,91
2026-03-13T16:02:48,91
2026-03-13T16:02:48,92
2026-03-13T16:02:48,92
2026-03-13T16:02:49,93
2026-03-13T16:02:49,93
2026-03-13T16:02:49,94
2026-03-13T16:02:50,94
2026-03-13T16:02:50,94
2026-03-13T16:02:51,94
2026-03-13T16:02:52,94
2026-03-13T16:02:52,94
2026-03-13T16:02:53,94
2026-03-13T16:02:53,94
2026-03-13T16:02:54,94
2026-03-13T16:02:54,94
2026-03-13T16:02:55,93
2026-03-13T16:02:55,93
2026-03-13T16:02:56,93
2026-03-13T16:02:56,93
2026-03-13T16:02:57,93
2026-03-13T16:02:57,93
2026-03-13T16:02:58,92
2026-03-13T16:02:58,92
2026-03-13T16:02:59,92
2026-03-13T16:02:59,92
2026-03-13T16:03:00,92
2026-03-13T16:03:00,92
2026-03-13T16:03:01,92
2026-03-13T16:03:01,92
2026-03-13T16:03:02,92
2026-03-13T16:03:02,92
2026-03-13T16:03:03,92
2026-03-13T16:03:03,92
2026-03-13T16:03:04,92
2026-03-13T16:03:04,92
2026-03-13T16:03:05,91
2026-03-13T16:03:05,91
2026-03-13T16:03:06,91
2026-03-13T16:03:06,91
2026-03-13T16:03:07,91
2026-03-13T16:03:07,91
2026-03-13T16:03:08,91
2026-03-13T16:03:08,91
2026-03-13T16:03:09,92
2026-03-13T16:03:09,92
2026-03-13T16:03:10,93
2026-03-13T16:03:10,93
2026-03-13T16:03:11,93
2026-03-13T16:03:11,93
2026-03-13T16:03:12,93
2026-03-13T16:03:12,93
2026-03-13T16:03:13,93
2026-03-13T16:03:13,93
2026-03-13T16:03:14,93
2026-03-13T16:03:14,93
2026-03-13T16:03:15,93
2026-03-13T16:03:15,93
2026-03-13T16:03:16,93
2026-03-13T16:03:16,93
2026-03-13T16:03:17,92
2026-03-13T16:03:17,92
2026-03-13T16:03:18,88
2026-03-13T16:03:18,88
2026-03-13T16:03:19,85
2026-03-13T16:03:19,85
2026-03-13T16:03:19,83
2026-03-13T16:03:20,83
2026-03-13T16:03:20,83
2026-03-13T16:03:21,83
2026-03-13T16:03:21,83
2026-03-13T16:03:22,83
2026-03-13T16:03:22,87
2026-03-13T16:03:23,87
2026-03-13T16:03:23,93
2026-03-13T16:03:24,93
2026-03-13T16:03:25,96
2026-03-13T16:03:25,96
2026-03-13T16:03:26,96
2026-03-13T16:03:26,96
2026-03-13T16:03:27,97
2026-03-13T16:03:27,97
2026-03-13T16:03:28,97
2026-03-13T16:03:28,97
2026-03-13T16:03:29,96
2026-03-13T16:03:29,96
2026-03-13T16:03:30,96
2026-03-13T16:03:30,96
2026-03-13T16:03:31,94
2026-03-13T16:03:31,94
2026-03-13T16:03:32,90
2026-03-13T16:03:32,90
2026-03-13T16:03:33,89
2026-03-13T16:03:33,89
2026-03-13T16:03:34,89
2026-03-13T16:03:34,89
2026-03-13T16:03:35,89
2026-03-13T16:03:35,89
2026-03-13T16:03:36,90
2026-03-13T16:03:36,90
2026-03-13T16:03:37,90
2026-03-13T16:03:37,90
2026-03-13T16:03:38,91
2026-03-13T16:03:38,91
2026-03-13T16:03:39,91
2026-03-13T16:03:39,91
2026-03-13T16:03:40,91
2026-03-13T16:03:40,91
2026-03-13T16:03:41,92
2026-03-13T16:03:41,92
2026-03-13T16:03:42,92
2026-03-13T16:03:42,92
2026-03-13T16:03:43,92
2026-03-13T16:03:43,92
2026-03-13T16:03:44,92
2026-03-13T16:03:44,92
2026-03-13T16:03:45,93
2026-03-13T16:03:45,93
2026-03-13T16:03:46,93
2026-03-13T16:03:46,93
2026-03-13T16:03:47,93
2026-03-13T16:03:47,93
2026-03-13T16:03:48,93
2026-03-13T16:03:48,93
2026-03-13T16:03:49,93
2026-03-13T16:03:49,93
2026-03-13T16:03:50,92
2026-03-13T16:03:50,92
2026-03-13T16:03:51,92
2026-03-13T16:03:51,92
2026-03-13T16:03:52,92
2026-03-13T16:03:52,92
2026-03-13T16:03:52,92
2026-03-13T16:03:53,92
2026-03-13T16:03:53,92
2026-03-13T16:03:54,92
2026-03-13T16:03:54,91
2026-03-13T16:03:55,91
2026-03-13T16:03:55,90
2026-03-13T16:03:56,90
2026-03-13T16:03:56,90
2026-03-13T16:03:57,90
2026-03-13T16:03:58,91
2026-03-13T16:03:58,91
2026-03-13T16:03:59,92
2026-03-13T16:03:59,92
2026-03-13T16:04:00,92
2026-03-13T16:04:00,92
2026-03-13T16:04:01,93
2026-03-13T16:04:01,93
2026-03-13T16:04:02,94
2026-03-13T16:04:02,94
2026-03-13T16:04:03,94
2026-03-13T16:04:03,94
2026-03-13T16:04:04,94
2026-03-13T16:04:04,94
2026-03-13T16:04:05,94
2026-03-13T16:04:05,94
2026-03-13T16:04:06,94
2026-03-13T16:04:06,94
2026-03-13T16:04:07,94
2026-03-13T16:04:07,94
2026-03-13T16:04:08,93
2026-03-13T16:04:08,93
2026-03-13T16:04:09,93
2026-03-13T16:04:09,93
2026-03-13T16:04:10,94
2026-03-13T16:04:10,94
2026-03-13T16:04:11,94
2026-03-13T16:04:11,94
2026-03-13T16:04:12,94
2026-03-13T16:04:12,94
2026-03-13T16:04:13,93
2026-03-13T16:04:13,93
2026-03-13T16:04:14,93
2026-03-13T16:04:14,93
2026-03-13T16:04:15,93
2026-03-13T16:04:15,93
2026-03-13T16:04:16,92
2026-03-13T16:04:16,92
2026-03-13T16:04:17,91
2026-03-13T16:04:17,91
2026-03-13T16:04:18,91
2026-03-13T16:04:18,91
2026-03-13T16:04:19,91
2026-03-13T16:04:19,91
2026-03-13T16:04:20,90
2026-03-13T16:04:20,90
2026-03-13T16:04:21,90
2026-03-13T16:04:21,90
2026-03-13T16:04:22,90
2026-03-13T16:04:22,90
2026-03-13T16:04:23,90
2026-03-13T16:04:23,90
2026-03-13T16:04:24,90
2026-03-13T16:04:24,90
2026-03-13T16:04:25,90
2026-03-13T16:04:25,90
2026-03-13T16:04:25,90
2026-03-13T16:04:26,90
2026-03-13T16:04:26,92
2026-03-13T16:04:27,92
2026-03-13T16:04:27,92
2026-03-13T16:04:28,92
2026-03-13T16:04:28,93
2026-03-13T16:04:29,93
2026-03-13T16:04:29,93
2026-03-13T16:04:30,93
2026-03-13T16:04:31,93
2026-03-13T16:04:31,93
2026-03-13T16:04:32,92
2026-03-13T16:04:32,92
2026-03-13T16:04:33,91
2026-03-13T16:04:33,91
2026-03-13T16:04:34,89
2026-03-13T16:04:34,89
2026-03-13T16:04:35,86
2026-03-13T16:04:35,86
2026-03-13T16:04:36,86
2026-03-13T16:04:36,86
2026-03-13T16:04:37,84
2026-03-13T16:04:37,84
2026-03-13T16:04:38,84
2026-03-13T16:04:38,84
2026-03-13T16:04:39,84
2026-03-13T16:04:39,84
2026-03-13T16:04:40,85
2026-03-13T16:04:40,85
2026-03-13T16:04:41,85
2026-03-13T16:04:41,85
2026-03-13T16:04:42,84
2026-03-13T16:04:42,84
2026-03-13T16:04:43,84
2026-03-13T16:04:43,84
2026-03-13T16:04:44,84
2026-03-13T16:04:44,84
2026-03-13T16:04:45,87
2026-03-13T16:04:45,87
2026-03-13T16:04:46,92
2026-03-13T16:04:46,92
2026-03-13T16:04:47,95
2026-03-13T16:04:47,95
2026-03-13T16:04:48,95
2026-03-13T16:04:48,95
2026-03-13T16:04:49,95
2026-03-13T16:04:49,95
2026-03-13T16:04:50,94
2026-03-13T16:04:50,94
2026-03-13T16:04:51,94
2026-03-13T16:04:51,94
2026-03-13T16:04:52,94
2026-03-13T16:04:52,94
2026-03-13T16:04:53,93
2026-03-13T16:04:53,93
2026-03-13T16:04:54,93
2026-03-13T16:04:54,93
2026-03-13T16:04:55,93
2026-03-13T16:04:55,93
2026-03-13T16:04:56,93
2026-03-13T16:04:56,93
2026-03-13T16:04:57,92
2026-03-13T16:04:57,92
2026-03-13T16:04:58,92
2026-03-13T16:04:58,92
2026-03-13T16:04:58,92
2026-03-13T16:04:59,92
2026-03-13T16:04:59,91
2026-03-13T16:05:00,91
2026-03-13T16:05:00,91
2026-03-13T16:05:01,91
2026-03-13T16:05:01,92
2026-03-13T16:05:02,92
2026-03-13T16:05:02,93
2026-03-13T16:05:03,93
2026-03-13T16:05:04,93
2026-03-13T16:05:04,93
2026-03-13T16:05:05,93
2026-03-13T16:05:05,93
2026-03-13T16:05:06,93
2026-03-13T16:05:06,93
2026-03-13T16:05:07,95
2026-03-13T16:05:07,95
2026-03-13T16:05:08,95
2026-03-13T16:05:08,95
2026-03-13T16:05:09,95
2026-03-13T16:05:09,95
2026-03-13T16:05:10,95
2026-03-13T16:05:10,95
2026-03-13T16:05:11,95
2026-03-13T16:05:11,95
2026-03-13T16:05:12,95
2026-03-13T16:05:12,95
2026-03-13T16:05:13,95
2026-03-13T16:05:13,95
2026-03-13T16:05:14,95
2026-03-13T16:05:14,95
2026-03-13T16:05:15,94
2026-03-13T16:05:15,94
2026-03-13T16:05:16,94
2026-03-13T16:05:16,94
2026-03-13T16:05:17,94
2026-03-13T16:05:17,94
2026-03-13T16:05:18,94
2026-03-13T16:05:18,94
2026-03-13T16:05:19,95
2026-03-13T16:05:19,95
2026-03-13T16:05:20,95
2026-03-13T16:05:20,95
2026-03-13T16:05:21,95
2026-03-13T16:05:21,95
2026-03-13T16:05:22,94
2026-03-13T16:05:22,94
2026-03-13T16:05:23,94
2026-03-13T16:05:23,94
2026-03-13T16:05:24,93
2026-03-13T16:05:24,93
2026-03-13T16:05:25,91
2026-03-13T16:05:25,91
2026-03-13T16:05:26,91
2026-03-13T16:05:26,91
2026-03-13T16:05:27,92
2026-03-13T16:05:27,92
2026-03-13T16:05:28,93
2026-03-13T16:05:28,93
2026-03-13T16:05:29,92
2026-03-13T16:05:29,92
2026-03-13T16:05:30,92
2026-03-13T16:05:30,92
2026-03-13T16:05:31,91
2026-03-13T16:05:31,91
2026-03-13T16:05:31,90
2026-03-13T16:05:32,90
2026-03-13T16:05:32,88
2026-03-13T16:05:33,88
2026-03-13T16:05:33,85
2026-03-13T16:05:34,85
2026-03-13T16:05:34,85
2026-03-13T16:05:35,85
2026-03-13T16:05:35,86
2026-03-13T16:05:36,86
2026-03-13T16:05:37,87
2026-03-13T16:05:37,87
2026-03-13T16:05:38,88
2026-03-13T16:05:38,88
2026-03-13T16:05:39,88
2026-03-13T16:05:39,88
2026-03-13T16:05:40,91
2026-03-13T16:05:40,91
2026-03-13T16:05:41,92
2026-03-13T16:05:41,92
2026-03-13T16:05:42,93
2026-03-13T16:05:42,93
2026-03-13T16:05:43,93
2026-03-13T16:05:43,93
2026-03-13T16:05:44,93
2026-03-13T16:05:44,93
2026-03-13T16:05:45,93
2026-03-13T16:05:45,93
2026-03-13T16:05:46,93
2026-03-13T16:05:46,93
2026-03-13T16:05:47,92
2026-03-13T16:05:47,92
2026-03-13T16:05:48,92
2026-03-13T16:05:48,92
2026-03-13T16:05:49,92
2026-03-13T16:05:49,92
2026-03-13T16:05:50,92
2026-03-13T16:05:50,92
2026-03-13T16:05:51,92
2026-03-13T16:05:51,92
2026-03-13T16:05:52,92
2026-03-13T16:05:52,92
2026-03-13T16:05:53,93
2026-03-13T16:05:53,93
2026-03-13T16:05:54,93
2026-03-13T16:05:54,93
2026-03-13T16:05:55,93
2026-03-13T16:05:55,93
2026-03-13T16:05:56,89
2026-03-13T16:05:56,89
2026-03-13T16:05:57,87
2026-03-13T16:05:57,87
2026-03-13T16:05:58,86
2026-03-13T16:05:58,86
2026-03-13T16:05:59,86
2026-03-13T16:05:59,86
2026-03-13T16:06:00,86
2026-03-13T16:06:00,86
2026-03-13T16:06:01,87
2026-03-13T16:06:01,87
2026-03-13T16:06:02,88
2026-03-13T16:06:02,88
2026-03-13T16:06:03,88
2026-03-13T16:06:03,88
2026-03-13T16:06:04,90
2026-03-13T16:06:04,90
2026-03-13T16:06:04,90
2026-03-13T16:06:05,90
2026-03-13T16:06:05,90
2026-03-13T16:06:06,90
2026-03-13T16:06:06,90
2026-03-13T16:06:07,90
2026-03-13T16:06:07,90
2026-03-13T16:06:08,90
2026-03-13T16:06:08,90
2026-03-13T16:06:09,90
2026-03-13T16:06:10,89
2026-03-13T16:06:10,89
2026-03-13T16:06:11,88
2026-03-13T16:06:11,88
2026-03-13T16:06:12,88
2026-03-13T16:06:12,88
2026-03-13T16:06:13,88
2026-03-13T16:06:13,88
2026-03-13T16:06:14,87
2026-03-13T16:06:14,87
2026-03-13T16:06:15,87
2026-03-13T16:06:15,87
2026-03-13T16:06:16,87
2026-03-13T16:06:16,87
2026-03-13T16:06:17,88
2026-03-13T16:06:17,88
2026-03-13T16:06:18,87
2026-03-13T16:06:18,87
2026-03-13T16:06:19,87
2026-03-13T16:06:19,87
2026-03-13T16:06:20,87
2026-03-13T16:06:20,87
2026-03-13T16:06:21,90
2026-03-13T16:06:21,90
2026-03-13T16:06:22,91
2026-03-13T16:06:22,91
2026-03-13T16:06:23,91
2026-03-13T16:06:23,91
2026-03-13T16:06:24,91
2026-03-13T16:06:24,91
2026-03-13T16:06:25,91
2026-03-13T16:06:25,91
2026-03-13T16:06:26,91
2026-03-13T16:06:26,91
2026-03-13T16:06:27,90
2026-03-13T16:06:27,90
2026-03-13T16:06:28,90
2026-03-13T16:06:28,90
2026-03-13T16:06:29,90
2026-03-13T16:06:29,90
2026-03-13T16:06:30,90
2026-03-13T16:06:30,90
2026-03-13T16:06:31,91
2026-03-13T16:06:31,91
2026-03-13T16:06:32,91
2026-03-13T16:06:32,91
2026-03-13T16:06:33,91
2026-03-13T16:06:33,91
2026-03-13T16:06:34,91
2026-03-13T16:06:34,91
2026-03-13T16:06:35,90
2026-03-13T16:06:35,90
2026-03-13T16:06:36,90
2026-03-13T16:06:36,90
2026-03-13T16:06:37,90
2026-03-13T16:06:37,90
2026-03-13T16:06:37,90
2026-03-13T16:06:38,90
2026-03-13T16:06:38,90
2026-03-13T16:06:39,90
2026-03-13T16:06:39,90
2026-03-13T16:06:40,90
2026-03-13T16:06:40,90
2026-03-13T16:06:41,90
2026-03-13T16:06:41,91
2026-03-13T16:06:42,91
2026-03-13T16:06:43,92
2026-03-13T16:06:43,92
2026-03-13T16:06:44,94
2026-03-13T16:06:44,94
2026-03-13T16:06:45,94
2026-03-13T16:06:45,94
2026-03-13T16:06:46,94
2026-03-13T16:06:46,94
2026-03-13T16:06:47,93
2026-03-13T16:06:47,93
2026-03-13T16:06:48,92
2026-03-13T16:06:48,92
2026-03-13T16:06:49,92
2026-03-13T16:06:49,92
2026-03-13T16:06:50,92
2026-03-13T16:06:50,92
2026-03-13T16:06:51,92
2026-03-13T16:06:51,92
2026-03-13T16:06:52,92
2026-03-13T16:06:52,92
2026-03-13T16:06:53,92
2026-03-13T16:06:53,92
2026-03-13T16:06:54,91
2026-03-13T16:06:54,91
2026-03-13T16:06:55,91
2026-03-13T16:06:55,91
2026-03-13T16:06:56,90
2026-03-13T16:06:56,90
2026-03-13T16:06:57,90
2026-03-13T16:06:57,90
2026-03-13T16:06:58,89
2026-03-13T16:06:58,89
2026-03-13T16:06:59,88
2026-03-13T16:06:59,88
2026-03-13T16:07:00,88
2026-03-13T16:07:00,88
2026-03-13T16:07:01,87
2026-03-13T16:07:01,87
2026-03-13T16:07:02,87
2026-03-13T16:07:02,87
2026-03-13T16:07:03,88
2026-03-13T16:07:03,88
2026-03-13T16:07:04,88
2026-03-13T16:07:04,88
2026-03-13T16:07:05,89
2026-03-13T16:07:05,89
2026-03-13T16:07:06,90
2026-03-13T16:07:06,90
2026-03-13T16:07:07,90
2026-03-13T16:07:07,90
2026-03-13T16:07:08,89
2026-03-13T16:07:08,89
2026-03-13T16:07:09,91
2026-03-13T16:07:09,91
2026-03-13T16:07:10,91
2026-03-13T16:07:10,91
2026-03-13T16:07:10,90
2026-03-13T16:07:11,90
2026-03-13T16:07:11,90
2026-03-13T16:07:12,90
2026-03-13T16:07:12,90
2026-03-13T16:07:13,90
2026-03-13T16:07:13,89
2026-03-13T16:07:14,89
2026-03-13T16:07:14,88
2026-03-13T16:07:15,88
2026-03-13T16:07:16,87
2026-03-13T16:07:16,87
2026-03-13T16:07:17,86
2026-03-13T16:07:17,86
2026-03-13T16:07:18,86
2026-03-13T16:07:18,86
2026-03-13T16:07:19,86
2026-03-13T16:07:19,86
2026-03-13T16:07:20,87
2026-03-13T16:07:20,87
2026-03-13T16:07:21,88
2026-03-13T16:07:21,88
2026-03-13T16:07:22,88
2026-03-13T16:07:22,88
2026-03-13T16:07:23,88
2026-03-13T16:07:23,88
2026-03-13T16:07:24,88
2026-03-13T16:07:24,88
2026-03-13T16:07:25,88
2026-03-13T16:07:25,88
2026-03-13T16:07:26,88
2026-03-13T16:07:26,88
2026-03-13T16:07:27,89
2026-03-13T16:07:27,89
2026-03-13T16:07:28,93
2026-03-13T16:07:28,93
2026-03-13T16:07:29,99
2026-03-13T16:07:29,99
2026-03-13T16:07:30,102
2026-03-13T16:07:30,102
2026-03-13T16:07:31,103
2026-03-13T16:07:31,103
2026-03-13T16:07:32,105
2026-03-13T16:07:32,105
2026-03-13T16:07:33,105
2026-03-13T16:07:33,105
2026-03-13T16:07:34,105
2026-03-13T16:07:34,105
2026-03-13T16:07:35,105
2026-03-13T16:07:35,105
2026-03-13T16:07:36,105
2026-03-13T16:07:36,105
2026-03-13T16:07:37,106
2026-03-13T16:07:37,106
2026-03-13T16:07:38,107
2026-03-13T16:07:38,107
2026-03-13T16:07:39,107
2026-03-13T16:07:39,107
2026-03-13T16:07:40,107
2026-03-13T16:07:40,107
2026-03-13T16:07:41,107
2026-03-13T16:07:41,107
2026-03-13T16:07:42,108
2026-03-13T16:07:42,108
2026-03-13T16:07:43,109
2026-03-13T16:07:43,109
2026-03-13T16:07:43,110
2026-03-13T16:07:44,110
2026-03-13T16:07:44,110
2026-03-13T16:07:45,110
2026-03-13T16:07:45,111
2026-03-13T16:07:46,111
2026-03-13T16:07:46,111
2026-03-13T16:07:47,111
2026-03-13T16:07:48,112
2026-03-13T16:07:48,112
2026-03-13T16:07:49,112
2026-03-13T16:07:49,112
2026-03-13T16:07:50,112
2026-03-13T16:07:50,112
2026-03-13T16:07:51,112
2026-03-13T16:07:51,112
2026-03-13T16:07:52,112
2026-03-13T16:07:52,112
2026-03-13T16:07:53,112
2026-03-13T16:07:53,112
2026-03-13T16:07:54,112
2026-03-13T16:07:54,112
2026-03-13T16:07:55,112
2026-03-13T16:07:55,112
2026-03-13T16:07:56,112
2026-03-13T16:07:56,112
2026-03-13T16:07:57,112
2026-03-13T16:07:57,112
2026-03-13T16:07:58,111
2026-03-13T16:07:58,111
2026-03-13T16:07:59,111
2026-03-13T16:07:59,111
2026-03-13T16:08:00,111
2026-03-13T16:08:00,111
2026-03-13T16:08:01,111
2026-03-13T16:08:01,111
2026-03-13T16:08:02,111
2026-03-13T16:08:02,111
2026-03-13T16:08:03,111
2026-03-13T16:08:03,111
2026-03-13T16:08:04,112
2026-03-13T16:08:04,112
2026-03-13T16:08:05,111
2026-03-13T16:08:05,111
2026-03-13T16:08:06,111
2026-03-13T16:08:06,111
2026-03-13T16:08:07,110
2026-03-13T16:08:07,110
2026-03-13T16:08:08,110
2026-03-13T16:08:08,110
2026-03-13T16:08:09,111
2026-03-13T16:08:09,111
2026-03-13T16:08:10,111
2026-03-13T16:08:10,111
2026-03-13T16:08:11,112
2026-03-13T16:08:12,112
2026-03-13T16:08:12,112
2026-03-13T16:08:12,112
2026-03-13T16:08:13,111
2026-03-13T16:08:13,111
2026-03-13T16:08:14,111
2026-03-13T16:08:14,111
2026-03-13T16:08:15,111
2026-03-13T16:08:15,111
2026-03-13T16:08:16,109
2026-03-13T16:08:16,109
2026-03-13T16:08:16,106
2026-03-13T16:08:17,106
2026-03-13T16:08:17,103
2026-03-13T16:08:18,103
2026-03-13T16:08:18,100
2026-03-13T16:08:19,100
2026-03-13T16:08:19,99
2026-03-13T16:08:20,99
2026-03-13T16:08:20,98
2026-03-13T16:08:21,98
2026-03-13T16:08:22,98
2026-03-13T16:08:22,98
2026-03-13T16:08:23,97
2026-03-13T16:08:23,97
2026-03-13T16:08:24,97
2026-03-13T16:08:24,97
2026-03-13T16:08:25,96
2026-03-13T16:08:25,96
2026-03-13T16:08:26,95
2026-03-13T16:08:26,95
2026-03-13T16:08:27,93
2026-03-13T16:08:27,93
2026-03-13T16:08:28,93
2026-03-13T16:08:28,93
2026-03-13T16:08:29,92
2026-03-13T16:08:29,92
2026-03-13T16:08:30,91
2026-03-13T16:08:30,91
2026-03-13T16:08:31,90
2026-03-13T16:08:31,90
2026-03-13T16:08:32,89
2026-03-13T16:08:32,89
2026-03-13T16:08:33,87
2026-03-13T16:08:33,87
2026-03-13T16:08:34,85
2026-03-13T16:08:34,85
2026-03-13T16:08:35,84
2026-03-13T16:08:35,84
2026-03-13T16:08:36,83
2026-03-13T16:08:36,83
2026-03-13T16:08:37,84
2026-03-13T16:08:37,84
2026-03-13T16:08:38,85
2026-03-13T16:08:38,85
2026-03-13T16:08:39,86
2026-03-13T16:08:39,86
2026-03-13T16:08:40,87
2026-03-13T16:08:40,87
2026-03-13T16:08:41,90
2026-03-13T16:08:41,90
2026-03-13T16:08:42,92
2026-03-13T16:08:42,92
2026-03-13T16:08:43,92
2026-03-13T16:08:43,92
2026-03-13T16:08:44,92
2026-03-13T16:08:44,92
2026-03-13T16:08:45,92
2026-03-13T16:08:45,92
2026-03-13T16:08:46,92
2026-03-13T16:08:46,92
2026-03-13T16:08:47,92
2026-03-13T16:08:47,92
2026-03-13T16:08:48,91
2026-03-13T16:08:48,91
2026-03-13T16:08:49,88
2026-03-13T16:08:49,88
2026-03-13T16:08:49,87
2026-03-13T16:08:50,87
2026-03-13T16:08:50,86
2026-03-13T16:08:51,86
2026-03-13T16:08:51,86
2026-03-13T16:08:52,86
2026-03-13T16:08:52,87
2026-03-13T16:08:53,87
2026-03-13T16:08:53,87
2026-03-13T16:08:54,87
2026-03-13T16:08:55,87
2026-03-13T16:08:55,87
2026-03-13T16:08:56,87
2026-03-13T16:08:56,87
2026-03-13T16:08:57,87
2026-03-13T16:08:57,87
2026-03-13T16:08:58,87
2026-03-13T16:08:58,87
2026-03-13T16:08:59,86
2026-03-13T16:08:59,86
2026-03-13T16:09:00,86
2026-03-13T16:09:00,86
2026-03-13T16:09:01,86
2026-03-13T16:09:01,86
2026-03-13T16:09:02,86
2026-03-13T16:09:02,86
2026-03-13T16:09:03,86
2026-03-13T16:09:03,86
2026-03-13T16:09:04,84
2026-03-13T16:09:04,84
2026-03-13T16:09:05,84
2026-03-13T16:09:05,84
2026-03-13T16:09:06,84
2026-03-13T16:09:06,84
2026-03-13T16:09:07,85
2026-03-13T16:09:07,85
2026-03-13T16:09:08,86
2026-03-13T16:09:08,86
2026-03-13T16:09:09,87
2026-03-13T16:09:09,87
2026-03-13T16:09:10,88
2026-03-13T16:09:10,88
2026-03-13T16:09:11,89
2026-03-13T16:09:11,89
2026-03-13T16:09:12,90
2026-03-13T16:09:12,90
2026-03-13T16:09:13,89
2026-03-13T16:09:13,89
2026-03-13T16:09:14,89
2026-03-13T16:09:14,89
2026-03-13T16:09:15,90
2026-03-13T16:09:15,90
2026-03-13T16:09:16,90
2026-03-13T16:09:16,90
2026-03-13T16:09:17,90
2026-03-13T16:09:17,90
2026-03-13T16:09:18,90
2026-03-13T16:09:18,90
2026-03-13T16:09:19,90
2026-03-29T19:26:04,73
2026-03-29T19:26:06,74
2026-03-29T19:26:08,74
2026-03-29T19:26:10,74
2026-03-29T19:26:12,74
2026-03-29T19:26:13,73
2026-03-29T19:26:14,74
2026-03-29T19:26:16,73
2026-03-29T19:26:17,74
2026-03-29T19:26:18,74
2026-03-29T19:26:20,77
2026-03-29T19:26:22,76
2026-03-29T19:26:24,76
2026-03-29T19:26:26,75
2026-03-29T19:26:28,75
2026-03-29T19:26:28,74
2026-03-29T19:26:30,74
2026-03-29T19:26:30,73
2026-03-29T19:26:32,73
2026-03-29T19:26:34,73
2026-03-29T19:26:36,73
2026-03-29T19:26:38,73
2026-03-29T19:26:40,73
2026-03-29T19:26:40,74
2026-03-29T19:26:42,74
2026-03-29T19:26:44,74
2026-03-29T19:26:44,75
2026-03-29T19:26:46,75
2026-03-29T19:26:48,76
2026-03-29T19:26:50,77
2026-03-29T19:26:52,77
2026-03-29T19:26:54,77
2026-03-29T19:26:56,76
2026-03-29T19:26:58,75
2026-03-29T19:27:00,74
2026-03-29T19:27:02,73
2026-03-29T19:27:04,73
2026-03-29T19:27:06,73
2026-03-29T19:27:06,74
2026-03-29T19:27:08,74
2026-03-29T19:27:10,73
2026-03-29T19:27:12,73
2026-03-29T19:27:12,72
2026-03-29T19:27:14,72
2026-03-29T19:27:14,71
2026-03-29T19:27:16,71
2026-03-29T19:27:16,70
2026-03-29T19:27:18,70
2026-03-29T19:27:20,70
2026-03-29T19:27:22,71
2026-03-29T19:27:22,70
2026-03-29T19:27:24,70
2026-03-29T19:27:26,70
2026-03-29T19:27:28,69
2026-03-29T19:27:30,69
2026-03-29T19:27:30,70
2026-03-29T19:27:32,70
2026-03-29T19:27:32,71
2026-03-29T19:27:34,70
2026-03-29T19:27:36,71
2026-03-29T19:27:38,71
2026-03-29T19:27:40,71
2026-03-29T19:27:40,72
2026-03-29T19:27:42,72
2026-03-29T19:27:44,72
2026-03-29T19:27:44,73
2026-03-29T19:27:46,73
2026-03-29T19:27:46,74
2026-03-29T19:27:48,74
2026-03-29T19:27:50,74
2026-03-29T19:27:50,73
2026-03-29T19:27:52,73
2026-03-29T19:27:54,73
2026-03-29T19:27:56,72
2026-03-29T19:27:58,72
2026-03-29T19:27:59,72
2026-03-29T19:28:02,73
2026-03-29T19:28:04,73
2026-03-29T19:28:04,72
2026-03-29T19:28:05,73
2026-03-29T19:28:07,73
2026-03-29T19:28:08,74
2026-03-29T19:28:09,74
2026-03-29T19:28:10,76
2026-03-29T19:28:11,76
2026-03-29T19:28:13,77
2026-03-29T19:28:14,78
2026-03-29T19:28:15,78
2026-03-29T19:28:16,80
2026-03-29T19:28:17,82
2026-03-29T19:28:18,83
2026-03-29T19:28:19,82
2026-03-29T19:28:21,81
2026-03-29T19:28:22,80
2026-03-29T19:28:23,79
2026-03-29T19:28:24,78
2026-03-29T19:28:25,77
2026-03-29T19:28:26,76
2026-03-29T19:28:27,75
2026-03-29T19:28:28,74
2026-03-29T19:28:29,74
2026-03-29T19:28:30,73
2026-03-29T19:28:31,73
2026-03-29T19:28:32,74
2026-03-29T19:28:33,74
2026-03-29T19:28:35,74
2026-03-29T19:28:36,73
2026-03-29T19:28:37,73
2026-03-29T19:28:40,73
2026-03-29T19:28:40,72
2026-03-29T19:28:41,72
2026-03-29T19:28:43,72
2026-03-29T19:28:45,73
2026-03-29T19:28:47,73
2026-03-29T19:28:49,72
2026-03-29T19:28:51,72
2026-03-29T19:28:52,71
2026-03-29T19:28:53,71
2026-03-29T19:28:55,72
2026-03-29T19:28:57,71
2026-03-29T19:28:59,71
2026-03-29T19:29:00,70
2026-03-29T19:29:01,70
2026-03-29T19:29:02,69
2026-03-29T19:29:03,69
2026-03-29T19:29:05,69
2026-03-29T19:29:07,70
2026-03-29T19:29:09,70
2026-03-29T19:29:11,70
2026-03-29T19:29:13,70
2026-03-29T19:29:15,70
2026-03-29T19:29:17,70
2026-03-29T19:29:18,71
2026-03-29T19:29:19,71
2026-03-29T19:29:21,71
2026-03-29T19:29:22,72
2026-03-29T19:29:23,73
2026-03-29T19:29:24,74
2026-03-29T19:29:25,75
2026-03-29T19:29:26,76
2026-03-29T19:29:27,77
2026-03-29T19:29:28,78
2026-03-29T19:29:29,78
2026-03-29T19:29:31,79
2026-03-29T19:29:33,78
2026-03-29T19:29:35,77
2026-03-29T19:29:36,76
2026-03-29T19:29:37,75
2026-03-29T19:29:38,74
2026-03-29T19:29:39,73
2026-03-29T19:29:41,72
2026-03-29T19:29:43,71
2026-03-29T19:29:45,70
2026-03-29T19:29:47,69
2026-03-29T19:29:49,69
2026-03-29T19:29:50,68
2026-03-29T19:29:51,68
2026-03-29T19:29:53,68
2026-03-29T19:29:55,70
2026-03-29T19:29:56,71
2026-03-29T19:29:57,72
2026-03-29T19:29:58,73
2026-03-29T19:29:59,74
2026-03-29T19:30:00,75
2026-03-29T19:30:01,76
2026-03-29T19:30:03,77
2026-03-29T19:30:05,77
2026-03-29T19:30:07,76
2026-03-29T19:30:09,76
2026-03-29T19:30:11,75
2026-03-29T19:30:13,75
2026-03-29T19:30:15,75
2026-03-29T19:30:16,74
2026-03-29T19:30:17,74
2026-03-29T19:30:40,72
2026-03-29T19:30:41,72
2026-03-29T19:30:43,71
2026-03-29T19:30:45,71
2026-03-29T19:30:47,71
2026-03-29T19:30:49,71
2026-03-29T19:30:50,72
2026-03-29T19:30:51,72
2026-03-29T19:30:53,72
2026-03-29T19:30:55,72
2026-03-29T19:30:57,72
2026-03-29T19:33:05,73
2026-03-29T19:33:06,74
2026-03-29T19:33:07,74
2026-03-29T19:33:09,74
2026-03-29T19:33:11,74
2026-03-29T19:33:13,73
2026-03-29T19:33:15,73
2026-03-29T19:33:17,72
2026-03-29T19:33:19,73
2026-03-29T19:33:20,72
2026-03-29T19:33:21,72
2026-03-29T19:33:22,73
2026-03-29T19:33:23,73
2026-03-29T19:33:24,72
2026-03-29T19:33:25,72
2026-03-29T19:33:27,72
2026-03-29T19:33:29,71
2026-03-29T19:33:31,71
2026-03-29T19:33:32,70
2026-03-29T19:33:33,70
2026-03-29T19:33:35,69
2026-03-29T19:33:37,68
2026-03-29T19:33:39,68
2026-03-29T19:33:41,68
2026-03-29T19:33:43,69
2026-03-29T19:33:45,69
2026-03-29T19:33:46,70
2026-03-29T19:33:47,73
2026-03-29T19:33:49,76
2026-03-29T19:33:50,77
2026-03-29T19:33:51,79
2026-03-29T19:33:52,81
2026-03-29T19:33:53,82
2026-03-29T19:33:54,83
2026-03-29T19:33:55,84
2026-03-29T19:33:57,85
2026-03-29T19:33:59,83
2026-03-29T19:34:00,82
2026-03-29T19:34:01,82
2026-03-29T19:34:02,81
2026-03-29T19:34:03,81
2026-03-29T19:34:04,80
2026-03-29T19:34:05,80
2026-03-29T19:34:06,79
2026-03-29T19:34:07,79
2026-03-29T19:34:08,78
2026-03-29T19:34:09,78
2026-03-29T19:34:11,78
2026-03-29T19:34:13,78
2026-03-29T19:34:14,79
2026-03-29T19:34:15,79
2026-03-29T19:34:17,80
2026-03-29T19:34:19,81
2026-03-29T19:34:20,82
2026-03-29T19:34:21,83
2026-03-29T19:34:23,83
2026-03-29T19:34:23,82
2026-03-29T19:34:25,82
2026-03-29T19:34:25,83
2026-03-29T19:34:27,82
2026-03-29T19:34:29,81
2026-03-29T19:34:31,80
2026-03-29T19:34:33,80
2026-03-29T19:34:33,79
2026-03-29T19:34:35,79
2026-03-29T19:34:37,79
2026-03-29T19:34:39,79
2026-03-29T19:34:39,78
2026-03-29T19:34:41,78
2026-03-29T19:34:43,78
2026-03-29T19:34:45,77
2026-03-29T19:34:47,77
2026-03-29T19:34:49,77
2026-03-29T19:34:51,78
2026-03-29T19:34:53,78
2026-03-29T19:34:55,78
2026-03-29T19:34:57,78
2026-03-29T19:34:59,78
2026-03-29T19:35:01,79
2026-03-29T19:35:01,78
2026-03-29T19:35:03,78
2026-03-29T19:35:05,78
2026-03-29T19:35:05,79
2026-03-29T19:35:07,79
2026-03-29T19:35:09,79
2026-03-29T19:35:09,78
2026-03-29T19:35:11,78
2026-03-29T19:35:13,77
2026-03-29T19:35:15,76
2026-03-29T19:35:17,75
2026-03-29T19:35:19,75
2026-03-29T19:35:19,76
2026-03-29T19:35:21,76
2026-03-29T19:35:23,75
2026-03-29T19:35:25,75
2026-03-29T19:35:25,76
2026-03-29T19:35:27,75
2026-03-29T19:35:27,76
2026-03-29T19:35:29,76
2026-03-29T19:35:31,76
2026-03-29T19:35:33,75
2026-03-29T19:35:35,75
2026-03-29T19:35:37,74
2026-03-29T19:35:39,73
2026-03-29T19:35:41,73
2026-03-29T19:35:43,73
2026-03-29T19:35:43,72
2026-03-29T19:35:44,72
2026-03-29T19:35:47,72
2026-03-29T19:35:47,71
2026-03-29T19:35:49,72
2026-03-29T19:35:49,71
2026-03-29T19:35:50,71
2026-03-29T19:35:51,72
2026-03-29T19:35:52,72
2026-03-29T19:35:55,72
2026-03-29T19:35:56,72
2026-03-29T19:35:58,72
2026-03-29T19:36:00,72
2026-03-29T19:36:03,72
2026-03-29T19:36:04,72
2026-03-29T19:36:06,72
2026-03-29T19:36:08,72
2026-03-29T19:36:10,72
2026-03-29T19:36:11,73
2026-03-29T19:36:12,73
2026-03-29T19:36:14,73
2026-03-29T19:36:17,74
2026-03-29T19:36:18,74
2026-03-29T19:36:20,75
2026-03-29T19:36:21,76
2026-03-29T19:36:22,77
2026-03-29T19:36:25,77
2026-03-29T19:36:25,78
2026-03-29T19:36:26,78
2026-03-29T19:36:28,78
2026-03-29T19:36:30,78
2026-03-29T19:36:32,77
2026-03-29T19:36:34,78
2026-03-29T19:36:36,78
2026-03-29T19:36:38,78
2026-03-29T19:36:39,77
2026-03-29T19:36:40,77
2026-03-29T19:36:41,78
2026-03-29T19:36:42,78
2026-03-29T19:36:44,78
2026-03-29T19:36:46,78
2026-03-29T19:36:48,78
2026-03-29T19:36:50,79
2026-03-29T19:36:52,79
2026-03-29T19:36:53,80
2026-03-29T19:36:54,79
2026-03-29T19:36:56,79
2026-03-29T19:36:58,79
2026-03-29T19:37:00,78
2026-03-29T19:37:02,79
2026-03-29T19:37:04,78
2026-03-29T19:37:06,77
2026-03-29T19:37:07,79
2026-03-29T19:37:08,77
2026-03-29T19:37:10,76
2026-03-29T19:37:12,75
2026-03-29T19:37:14,76
2026-03-29T19:37:16,77
2026-03-29T19:37:18,78
2026-03-29T19:37:19,77
2026-03-29T19:37:20,77
2026-03-29T19:37:22,77
2026-03-29T19:37:23,76
2026-03-29T19:37:24,76
2026-03-29T19:37:26,76
2026-03-29T19:37:28,76
2026-03-29T19:37:30,76
2026-03-29T19:37:32,76
2026-03-29T19:37:34,76
2026-03-29T19:37:35,75
2026-03-29T19:37:36,75
2026-03-29T19:37:37,76
2026-03-29T19:37:38,76
2026-03-29T19:37:40,76
2026-03-29T19:37:41,77
2026-03-29T19:37:42,77
2026-03-29T19:37:44,77
2026-03-29T19:37:46,77
2026-03-29T19:37:47,76
2026-03-29T19:37:48,76
2026-03-29T19:37:50,76
2026-03-29T19:37:52,76
2026-03-29T19:37:54,76
2026-03-29T19:37:56,78
2026-03-29T19:37:57,77
2026-03-29T19:37:58,78
2026-03-29T19:38:00,79
2026-03-29T19:38:02,80
2026-03-29T19:38:04,81
2026-03-29T19:38:06,82
2026-03-29T19:38:07,81
2026-03-29T19:38:08,82
2026-03-29T19:38:09,81
2026-03-29T19:38:10,81
2026-03-29T19:38:12,80
2026-03-29T19:38:14,79
2026-03-29T19:38:16,78
2026-03-29T19:38:18,77
2026-03-29T19:38:20,77
2026-03-29T19:38:21,78
2026-03-29T19:38:22,76
2026-03-29T19:38:24,76
2026-03-29T19:38:26,76
2026-03-29T19:38:28,77
2026-03-29T19:38:30,78
2026-03-29T19:38:32,79
2026-03-29T19:38:33,80
2026-03-29T19:38:34,80
2026-03-29T19:38:35,81
2026-03-29T19:38:36,80
2026-03-29T19:38:38,80
2026-03-29T19:38:40,79
2026-03-29T19:38:41,78
2026-03-29T19:38:42,78
2026-03-29T19:38:43,77
2026-03-29T19:38:44,77
2026-03-29T19:38:45,76
2026-03-29T19:38:46,76
2026-03-29T19:38:47,75
2026-03-29T19:38:48,75
2026-03-29T19:38:50,76
2026-03-29T19:38:52,76
2026-03-29T19:38:53,77
2026-03-29T19:38:54,78
2026-03-29T19:38:55,79
2026-03-29T19:38:56,80
2026-03-29T19:38:58,80
2026-03-29T19:38:59,81
2026-03-29T19:39:00,81
2026-03-29T19:39:01,82
2026-03-29T19:39:02,82
2026-03-29T19:39:03,83
2026-03-29T19:39:04,83
2026-03-29T19:39:05,84
2026-03-29T19:39:06,84
2026-06-07T16:21:48,84
2026-06-07T16:21:49,84
2026-06-07T16:21:50,82
2026-06-07T16:21:51,81
2026-06-07T16:21:52,80
2026-06-07T16:21:53,80
2026-06-07T16:21:54,80
2026-06-07T16:21:55,80
2026-06-07T16:21:56,80
2026-06-07T16:21:57,80
2026-06-07T16:21:58,80
2026-06-07T16:21:59,79
2026-06-07T16:22:00,79
2026-06-07T16:22:01,80
2026-06-07T16:22:02,80
